[
  {
    "id": 2,
    "bookingID": 3460,
    "userName": "Lilly Potter",
    "orderDate": "12/10/2022, 10:00:00",
    "checkIn": "2022-11-04",
    "checkOut": "2022-12-01",
    "specialRequest": "",
    "roomType": "Suite",
    "status": "In Progress"
  },
  {
    "id": 3,
    "bookingID": 9915,
    "userName": "Mark Hatchett",
    "orderDate": "26/06/2022, 10:00:00",
    "checkIn": "2022-11-04",
    "checkOut": "2022-12-01",
    "specialRequest": "",
    "roomType": "Double Bed",
    "status": "Check Out"
  },
  {
    "id": 5,
    "bookingID": 5683,
    "userName": "Montague Cawthorn",
    "orderDate": "04/09/2022, 10:00:00",
    "checkIn": "2022-10-02",
    "checkOut": "2022-10-10",
    "specialRequest": "",
    "roomType": "Double Superior",
    "status": "Check Out"
  },
  {
    "id": 6,
    "bookingID": 78432,
    "userName": "Arnie Ganny",
    "orderDate": "01/01/2023, 10:00:00",
    "checkIn": "2022-11-01",
    "checkOut": "2022-12-23",
    "specialRequest": "I would need a second pillow. I suffer from neck pain if I dont sleep with enough support for my head. Thank you!",
    "roomType": "Double Bed",
    "status": "Check In"
  },
  {
    "id": 7,
    "bookingID": 26362,
    "userName": "Wilton Gammade",
    "orderDate": "04/11/2022, 10:00:00",
    "checkIn": "2022-11-03",
    "checkOut": "2022-11-15",
    "specialRequest": "",
    "roomType": "Suite",
    "status": "In Progress"
  },
  {
    "id": 8,
    "bookingID": 41938,
    "userName": "Mendel Kembry",
    "orderDate": "30/11/2022, 10:00:00",
    "checkIn": "2022-11-29",
    "checkOut": "2022-12-01",
    "specialRequest": "Would it be possible to have an hair dryer in the room? Thanks",
    "roomType": "Single Bed",
    "status": "In Progress"
  },
  {
    "id": 9,
    "bookingID": 20981,
    "userName": "Sheppard Huffer",
    "orderDate": "24/12/2022, 10:00:00",
    "checkIn": "2022-11-04",
    "checkOut": "2022-11-14",
    "specialRequest": "We would need a bowl to give water to our dog. Would that be possible? Thanks in advance!",
    "roomType": "Double Bed",
    "status": "In Progress"
  },
  {
    "id": 10,
    "bookingID": 97761,
    "userName": "Westleigh Cato",
    "orderDate": "04/10/2022, 10:00:00",
    "checkIn": "2022-11-04",
    "checkOut": "2022-12-01",
    "specialRequest": "",
    "roomType": "Double Superior",
    "status": "In Progress"
  },
  {
    "id": 11,
    "bookingID": 94721,
    "userName": "Wesley So",
    "orderDate": "11/11/2022, 10:00:00",
    "checkIn": "2022-11-04",
    "checkOut": "2022-12-01",
    "specialRequest": "High floor please",
    "roomType": "Double Superior",
    "status": "Check In"
  },
  {
    "id": 12,
    "bookingID": 94821,
    "userName": "Wesley So",
    "orderDate": "11/11/2022, 10:00:00",
    "checkIn": "2022-11-04",
    "checkOut": "2022-12-01",
    "specialRequest": "High floor please",
    "roomType": "Double Superior",
    "status": "Check In"
  },
  {
    "id": 13,
    "bookingID": 94921,
    "userName": "Wesley So",
    "orderDate": "11/11/2022, 10:00:00",
    "checkIn": "2022-11-04",
    "checkOut": "2022-12-01",
    "specialRequest": "High floor please",
    "roomType": "Double Superior",
    "status": "Check In"
  }
]
