[
  {
    "id": 2361,
    "date": "2022-05-22",
    "user": {
      "name": "Nadita",
      "email": "vchittock0@businesswire.com",
      "phone": "975-135-6128"
    },
    "message": {
      "subject": "I dont know what to write here",
      "body": "Everything was fine until the last day where i had to take a shower with cold water"
    },
    "stars": 2,
    "archived": true
  },
  {
    "id": 6702,
    "date": "2022-04-16",
    "user": {
      "name": "Dory Meynell",
      "email": "dmeynell1@dyndns.org",
      "phone": "846-672-0258"
    },
    "message": {
      "subject": "I really loved it",
      "body": "Everything was fine until the last day where i had to take a shower with cold water"
    },
    "stars": 1,
    "archived": true
  },
  {
    "id": 82213,
    "date": "2022-06-15",
    "user": {
      "name": "Letizia Legrand",
      "email": "llegrand2@boston.com",
      "phone": "919-106-5453"
    },
    "message": {
      "subject": "I really loved it",
      "body": "I would really like for future stays that the hotel would allows to stay  with our pets."
    },
    "stars": 3,
    "archived": false
  },
  {
    "id": 367894,
    "date": "2022-05-01",
    "user": {
      "name": "Valentin Swaile",
      "email": "vswaile3@mashable.com",
      "phone": "329-508-9847"
    },
    "message": {
      "subject": "Worst hotel i've ever been",
      "body": "One of the best experiences i've ever had. They really take care of their customers"
    },
    "stars": 5,
    "archived": false
  },
  {
    "id": 25378,
    "date": "2022-09-24",
    "user": {
      "name": "Lindie Fautley",
      "email": "lfautley4@telegraph.co.uk",
      "phone": "411-374-7288"
    },
    "message": {
      "subject": "Worst hotel i've ever been",
      "body": "One of the best experiences i've ever had. They really take care of their customers"
    },
    "stars": 5,
    "archived": false
  },
  {
    "id": 273716,
    "date": "2022-02-17",
    "user": {
      "name": "Toiboid Browett",
      "email": "tbrowett5@spiegel.de",
      "phone": "606-987-9738"
    },
    "message": {
      "subject": "Worst hotel i've ever been",
      "body": "One of the best experiences i've ever had. They really take care of their customers"
    },
    "stars": 4,
    "archived": false
  },
  {
    "id": 264897,
    "date": "2022-02-20",
    "user": {
      "name": "Woody Jehu",
      "email": "wjehu6@simplemachines.org",
      "phone": "187-945-5967"
    },
    "message": {
      "subject": "Worst hotel i've ever been",
      "body": "One of the best experiences i've ever had. They really take care of their customers"
    },
    "stars": 4,
    "archived": false
  },
  {
    "id": 587608,
    "date": "2022-06-09",
    "user": {
      "name": "Lorraine O'Fogarty",
      "email": "lofogarty7@virginia.edu",
      "phone": "996-270-4995"
    },
    "message": {
      "subject": "I dont know what to write here",
      "body": "Everything was fine until the last day where i had to take a shower with cold water"
    },
    "stars": 2,
    "archived": false
  },
  {
    "id": 673139,
    "date": "2022-03-04",
    "user": {
      "name": "Burt Walesa",
      "email": "bwalesa8@omniture.com",
      "phone": "159-415-8112"
    },
    "message": {
      "subject": "I dont know what to write here",
      "body": "Everything was fine until the last day where i had to take a shower with cold water"
    },
    "stars": 1,
    "archived": false
  },
  {
    "id": 236710,
    "date": "2022-07-16",
    "user": {
      "name": "Vannie Eyckelbeck",
      "email": "veyckelbeck9@weebly.com",
      "phone": "968-790-5968"
    },
    "message": {
      "subject": "I dont know what to write here",
      "body": "Everything was fine until the last day where i had to take a shower with cold water"
    },
    "stars": 2,
    "archived": false
  },
  {
    "id": 239811,
    "date": "2022-05-19",
    "user": {
      "name": "Luisa Yanele",
      "email": "lyanelea@gmpg.org",
      "phone": "901-408-1505"
    },
    "message": {
      "subject": "One of the best experiences ever",
      "body": "I would really like for future stays that the hotel would allows to stay  with our pets."
    },
    "stars": 4,
    "archived": false
  }
]
