[{"id":"35x5328","room_number":2,"photo":"https://images.unsplash.com/photo-1572803090136-5247de70532f?ixlib=rb-4.0.3&ixid=MnwxMjA3fDB8MHxwaG90by1wYWdlfHx8fGVufDB8fHx8&auto=format&fit=crop&w=1774&q=80","photoTwo":"","photoThree":"","photoFour":"","photoFive":"","description":"","discountPercent":"","discount":"No","cancellationPolicy":"","bed_type":"Suite","room_facilities":["Kitchen","Grocery","Cleaning","Towels"],"room_rate":33.74,"room_offer":"","room_status":"Available"},{"id":"6612sd939","room_number":3,"photo":"https://images.unsplash.com/photo-1530334565651-210b286480b7?ixlib=rb-4.0.3&ixid=MnwxMjA3fDB8MHxwaG90by1wYWdlfHx8fGVufDB8fHx8&auto=format&fit=crop&w=1769&q=80","photoTwo":"","photoThree":"","photoFour":"","photoFive":"","description":"","discountPercent":"","discount":"No","cancellationPolicy":"","bed_type":"Double Bed","room_facilities":["Kitchen","Grocery","Cleaning","Towels"],"room_rate":90.37,"room_offer":"","room_status":"Booked"},{"id":"15326884","room_number":4,"photo":"https://images.unsplash.com/photo-1582719478250-c89cae4dc85b?ixlib=rb-4.0.3&ixid=MnwxMjA3fDB8MHxwaG90by1wYWdlfHx8fGVufDB8fHx8&auto=format&fit=crop&w=1770&q=80","photoTwo":"","photoThree":"","photoFour":"","photoFive":"","description":"","discountPercent":"10","discount":"Yes","cancellationPolicy":"","bed_type":"Double Superior","room_facilities":["Kitchen","Grocery","Cleaning","Towels"],"room_rate":65.18,"room_offer":"","room_status":"Available"},{"id":"1s52731","room_number":5,"photo":"https://images.unsplash.com/photo-1572803090136-5247de70532f?ixlib=rb-4.0.3&ixid=MnwxMjA3fDB8MHxwaG90by1wYWdlfHx8fGVufDB8fHx8&auto=format&fit=crop&w=1774&q=80","photoTwo":"","photoThree":"","photoFour":"","photoFive":"","description":"","discountPercent":"","discount":"","cancellationPolicy":"","bed_type":"Suite","room_facilities":["Kitchen","Grocery","Cleaning","Towels"],"room_rate":48.77,"room_offer":49.77,"room_status":"Available"},{"id":"9489a1","room_number":6,"photo":"https://images.unsplash.com/photo-1424847262089-18a6858bd7e2?ixlib=rb-4.0.3&ixid=MnwxMjA3fDB8MHxwaG90by1wYWdlfHx8fGVufDB8fHx8&auto=format&fit=crop&w=1770&q=80","photoTwo":"","photoThree":"","photoFour":"","photoFive":"","description":"","discountPercent":"","discount":"","cancellationPolicy":"","bed_type":"Single Bed","room_facilities":["Kitchen","Grocery","Cleaning","Towels"],"room_rate":12.56,"room_offer":90.27,"room_status":"Booked"}]