[
  {
    "id": 65,
    "photo": "https://images.unsplash.com/photo-1485893086445-ed75865251e0?ixlib=rb-4.0.3&ixid=MnwxMjA3fDB8MHxwaG90by1wYWdlfHx8fGVufDB8fHx8&auto=format&fit=crop&w=1180&q=80",
    "name": "Sashenka Gouthier",
    "position": "Room Service",
    "email": "sgouthier0@aboutads.info",
    "phone": "2226467681",
    "date": "2022-05-06",
    "description": "Keeping front desk and rooms tidy and presentable with all necessary material",
    "state": "ACTIVE"
  },
  {
    "id": 223,
    "photo": "https://images.unsplash.com/photo-1485893086445-ed75865251e0?ixlib=rb-4.0.3&ixid=MnwxMjA3fDB8MHxwaG90by1wYWdlfHx8fGVufDB8fHx8&auto=format&fit=crop&w=1180&q=80",
    "name": "Hartwell Kedslie",
    "position": "Room Service",
    "email": "hkedslie1@telegraph.co.uk",
    "phone": "8607600268",
    "date": "2021-12-25",
    "description": "Keeping front desk and rooms tidy and presentable with all necessary material",
    "state": "ACTIVE"
  },
  {
    "id": 122,
    "photo": "https://images.unsplash.com/photo-1633332755192-727a05c4013d?ixlib=rb-4.0.3&ixid=MnwxMjA3fDB8MHxwaG90by1wYWdlfHx8fGVufDB8fHx8&auto=format&fit=crop&w=1180&q=80",
    "name": "Octavius Eam",
    "position": "Room Service",
    "email": "oeam2@123-reg.co.uk",
    "phone": "5871741298",
    "date": "2022-03-25",
    "description": "Keeping front desk and rooms tidy and presentable with all necessary material",
    "state": "INACTIVE"
  },
  {
    "id": 103,
    "photo": "https://images.unsplash.com/photo-1485893086445-ed75865251e0?ixlib=rb-4.0.3&ixid=MnwxMjA3fDB8MHxwaG90by1wYWdlfHx8fGVufDB8fHx8&auto=format&fit=crop&w=1180&q=80",
    "name": "Larine Vasilischev",
    "position": "Manager",
    "email": "lvasilischev3@opensource.org",
    "phone": "9857020072",
    "date": "2021-12-18",
    "description": "Assessing the service needs of clients and linking them to the appropriate resources and providers",
    "state": "INACTIVE"
  },
  {
    "id": 43,
    "photo": "https://images.unsplash.com/photo-1485893086445-ed75865251e0?ixlib=rb-4.0.3&ixid=MnwxMjA3fDB8MHxwaG90by1wYWdlfHx8fGVufDB8fHx8&auto=format&fit=crop&w=1180&q=80",
    "name": "Marielle Leworthy",
    "position": "Reception",
    "email": "mleworthy4@mapy.cz",
    "phone": "8115876546",
    "date": "2022-05-09",
    "description": "Answering questions and addressing complaints",
    "state": "INACTIVE"
  },
  {
    "id": 37,
    "photo": "https://images.unsplash.com/photo-1633332755192-727a05c4013d?ixlib=rb-4.0.3&ixid=MnwxMjA3fDB8MHxwaG90by1wYWdlfHx8fGVufDB8fHx8&auto=format&fit=crop&w=1180&q=80",
    "name": "Ryan Goldin",
    "position": "Room Service",
    "email": "igoldin5@drupal.org",
    "phone": "9138285005",
    "date": "2022-08-26",
    "description": "Keeping front desk and rooms tidy and presentable with all necessary material",
    "state": "INACTIVE"
  },
  {
    "id": 187,
    "photo": "https://images.unsplash.com/photo-1633332755192-727a05c4013d?ixlib=rb-4.0.3&ixid=MnwxMjA3fDB8MHxwaG90by1wYWdlfHx8fGVufDB8fHx8&auto=format&fit=crop&w=1180&q=80",
    "name": "Niko de Cullip",
    "position": "Manager",
    "email": "nde6@1688.com",
    "phone": "6927917923",
    "date": "2022-01-15",
    "description": "Assessing the service needs of clients and linking them to the appropriate resources and providers",
    "state": "ACTIVE"
  },
  {
    "id": 165,
    "photo": "https://images.unsplash.com/photo-1485893086445-ed75865251e0?ixlib=rb-4.0.3&ixid=MnwxMjA3fDB8MHxwaG90by1wYWdlfHx8fGVufDB8fHx8&auto=format&fit=crop&w=1180&q=80",
    "name": "Nadiya Sahnow",
    "position": "Room Service",
    "email": "nsahnow7@eventbrite.com",
    "phone": "6711537342",
    "date": "2022-03-22",
    "description": "Keeping front desk and rooms tidy and presentable with all necessary material",
    "state": "INACTIVE"
  },
  {
    "id": 192,
    "photo": "https://images.unsplash.com/photo-1485893086445-ed75865251e0?ixlib=rb-4.0.3&ixid=MnwxMjA3fDB8MHxwaG90by1wYWdlfHx8fGVufDB8fHx8&auto=format&fit=crop&w=1180&q=80",
    "name": "Jolie Breem",
    "position": "Reception",
    "email": "jbreem8@arizona.edu",
    "phone": "4369578732",
    "date": "2022-07-21",
    "description": "Answering questions and addressing complaints",
    "state": "ACTIVE"
  },
  {
    "id": 225,
    "photo": "https://images.unsplash.com/photo-1633332755192-727a05c4013d?ixlib=rb-4.0.3&ixid=MnwxMjA3fDB8MHxwaG90by1wYWdlfHx8fGVufDB8fHx8&auto=format&fit=crop&w=1180&q=80",
    "name": "Avictor Meredyth",
    "position": "Reception",
    "email": "ameredyth9@wordpress.org",
    "phone": "5607207646",
    "date": "2022-10-28",
    "description": "Answering questions and addressing complaints",
    "state": "INACTIVE"
  },
  {
    "id": 125,
    "photo": "https://images.unsplash.com/photo-1633332755192-727a05c4013d?ixlib=rb-4.0.3&ixid=MnwxMjA3fDB8MHxwaG90by1wYWdlfHx8fGVufDB8fHx8&auto=format&fit=crop&w=1180&q=80",
    "name": "John Meredyth",
    "position": "Reception",
    "email": "ameredyth9@wordpress.org",
    "phone": "5607207646",
    "date": "2022-10-28",
    "description": "Answering questions and addressing complaints",
    "state": "INACTIVE"
  },
  {
    "id": 278,
    "photo": "https://images.unsplash.com/photo-1633332755192-727a05c4013d?ixlib=rb-4.0.3&ixid=MnwxMjA3fDB8MHxwaG90by1wYWdlfHx8fGVufDB8fHx8&auto=format&fit=crop&w=1180&q=80",
    "name": "Max Mustermann",
    "position": "Reception",
    "email": "ameredyth9@wordpress.org",
    "phone": "5607207646",
    "date": "2022-10-28",
    "description": "Answering questions and addressing complaints",
    "state": "INACTIVE"
  }
]
